year,title,genre,format,CSM target_age,imdb_rating,slope_(1/f),aspect_ratio,dur_(min),shots,ASL,Luminance,Motion,clutter,saturation,char/shot,ave_scale,narr_shifts,%intertitles,lum_w/_titles,mo_w/_titles,clut_w/_titles
1915,a fool there was,drama,live,,5.9,0.27,1.33,66,326,12.1,127,0.97,0.06,,,,,0.08,122,0.97,0.06
1915,alice in wonderland 1915,adventure,live,,6.4,0.12,1.33,52,188,16.5,165,0.97,0.07,,,,,0.27,139,0.97,0.06
1915,carmen,drama,live,,7,0.63,1.33,56,303,11.1,116,0.90,0.07,,,,,0.13,101,0.93,0.06
1915,children of eve,drama,live,,6.4,0.28,1.33,73,527,6.6,161,0.92,0.07,,,,,0.08,150,0.94,0.07
1915,civilization,drama,live,,6.3,0.98,1.33,78,893,5.2,150,0.93,0.06,,,,,0.21,146,0.94,0.06
1915,madame butterfly,drama,live,,5.4,0.07,1.33,50,306,9.7,121,0.96,0.06,,,,,0.10,111,0.96,0.06
1915,martyrs of the alamo,action,live,,5.9,0.36,1.33,70,624,6.7,146,0.92,0.07,,,,,0.15,166,0.93,0.07
1915,regeneration,drama,live,,6.8,0.33,1.33,68,959,4.3,92,0.92,0.07,,,,,0.11,90,0.94,0.07
1915,the cheat,drama,live,,6.5,0.73,1.33,58,296,11.7,97,0.95,0.06,,,,,0.11,94,0.96,0.06
1915,the italian,drama,live,,6.5,0.39,1.33,71,510,8.3,156,0.92,0.06,,,,,0.12,150,0.94,0.06
1920,dr jekyll & mr hyde,drama,live,,7,0.59,1.33,102,730,8.4,91,0.96,0.05,,,,,0.17,90,0.97,0.05
1920,last of the mohicans,adventure,live,,6.9,0.22,1.33,88,676,7.8,134,0.94,0.06,,,,,0.16,121,0.95,0.06
1920,mark of zorro,adventure,live,,7.3,0.69,1.33,93,983,5.7,151,0.92,0.07,,,,,0.19,135,0.94,0.06
1920,pollyanna,comedy,live,,7.1,0.33,1.33,71,645,6.6,130,0.96,0.07,,,,,0.25,121,0.97,0.06
1920,symbol of the unconquered,drama,live,,5.6,0.82,1.33,72,511,8.4,121,0.90,0.07,,,,,0.27,102,0.94,0.07
1920,the flapper,comedy,live,,6.7,0.56,1.33,105,953,6.6,126,0.96,0.07,,,,,0.16,119,0.97,0.07
1920,the penalty,drama,live,,7.5,0.70,1.33,113,1027,6.6,114,0.96,0.06,,,,,0.21,106,0.97,0.05
1920,way down east,drama,live,,8,0.63,1.33,150,1770,5.1,127,0.97,0.07,,,,,0.19,121,0.98,0.06
1920,why change your wife?,comedy,live,,8.1,0.53,1.2,113,656,10.3,114,0.94,0.08,,,,,0.19,110,0.95,0.07
1920,within our gates,drama,live,,6.3,0.38,1.33,95,848,6.7,126,0.96,0.06,,,,,0.24,109,0.97,0.06
1925,body and soul,drama,live,,6.3,0.10,1.33,79,1043,4.6,131,0.91,0.07,,,,,0.14,116,0.93,0.06
1925,go west,comedy,live,,7.3,0.39,1.33,55,624,5.3,167,0.90,0.07,,,,,0.05,161,0.92,0.07
1925,lady windermere's fan,drama,live,,7.5,0.87,1.85,89,572,9.3,138,0.95,0.07,,,,,0.09,138,0.96,0.07
1925,seven chances,comedy,live,,8,0.28,1.33,55,489,6.7,169,0.89,0.08,,,,,0.10,162,0.91,0.07
1925,the eagle,action,live,,7.5,0.53,1.33,89,840,6.4,134,0.94,0.06,,,,,0.11,123,0.96,0.06
1925,the freshman,comedy,live,,7.6,0.57,1.33,62,1008,3.7,131,0.87,0.07,,,,,0.13,120,0.91,0.06
1925,the gold rush,adventure,live,,8.3,0.03,1.33,94,897,6.3,131,0.92,0.06,,,,,0.11,114,0.94,0.06
1925,the lost world,adventure,live,,7.1,0.14,1.33,112,1090,6.2,166,0.95,0.08,,,,,0.19,162,0.97,0.08
1925,the pleasure garden,drama,live,,6,0.59,1.33,59,731,4.8,139,0.90,0.06,,,,,0.17,129,0.93,0.06
1925,the wizard of oz,comedy,live,,5.3,0.53,1.33,106,764,8.3,113,0.92,0.06,,,,,0.14,110,0.94,0.05
1930,abraham lincoln,drama,live,,5.8,0.60,1.2,91,446,12.2,93,0.94,0.06,,,,,,,,
1930,all quiet on west front,action,live,,8.1,0.46,1.33,132,836,9.4,87,0.97,0.07,,,,,,,,
1930,animal crackers,comedy,live,,7.7,0.19,1.2,99,283,21.1,148,0.93,0.07,,,,,,,,
1930,half shot at sunrise,comedy,live,,6.3,0.71,1.2,77,492,9.4,99,0.93,0.07,,,,,,,,
1930,hell's angels,action,live,,7.8,0.29,1.2,128,1158,6.6,102,0.93,0.06,,,,,,,,
1930,just imagine,comedy,live,,5.6,0.25,1.2,108,593,10.9,147,0.93,0.07,,,,,,,,
1930,liliom,drama,live,,6.7,0.33,1.2,87,511,10.3,61,0.94,0.06,,,,,,,,
1930,murder!,drama,live,,6.4,0.57,1.2,100,435,13.8,124,0.91,0.07,,,,,,,,
1930,the big trail,adventure,live,,7.3,0.87,2.1,119,689,10.4,113,0.92,0.08,,,,,,,,
1930,up the river,comedy,live,,6.1,0.24,1.37,53,404,7.8,131,0.88,0.07,,,,,,,,
1935,39 steps,drama,live,,8,0.93,1.37,86,577,8.8,105,0.90,0.06,,,,,,,,
1935,Anna Karenina,drama,live,,7.1,0.23,1.37,92,582,9.5,129,0.91,0.07,,,,,,,,
1935,Captain Blood,action,live,,7.6,0.42,1.37,117,1125,6.2,134,0.91,0.07,,2.73,,,,,,
1935,Les Misérables,drama,live,,7.6,0.91,1.37,108,823,7.8,101,0.89,0.06,,,,,,,,
1935,Mutiny on the Bounty,adventure,live,,7.9,0.57,1.37,131,1009,7.8,135,0.90,0.07,,,,,,,,
1935,Night at the Opera,comedy,live,,8,0.43,1.37,89,595,9.0,121,0.88,0.07,,2.87,,,,,,
1935,Tale of 2 Cities,drama,live,,7.9,0.76,1.37,122,816,9.0,122,0.91,0.07,,2.61,,,,,,
1935,The informer,drama,live,,7.5,0.20,1.37,89,507,10.5,102,0.94,0.06,,,,,,,,
1935,Top Hat,comedy,live,,7.6,0.40,1.37,98,559,10.5,150,0.92,0.07,,,,,,,,
1935,Westward Ho,action,live,,5.8,0.74,1.37,60,548,6.5,129,0.91,0.07,,,,,,,,
1940,Fantasia,animation,animation,,7.8,0.49,1.37,120,679,10.7,104,0.89,0.05,,,,,,,,
1940,Foreign Correspondent,adventure,live,,7.6,0.71,1.37,117,997,7.0,134,0.91,0.07,,,,,,,,
1940,Grapes of Wrath,drama,live,,8.1,0.14,1.37,127,745,10.2,104,0.93,0.07,,2.31,3.17,73,,,,
1940,Great Dictator,comedy,live,,8.3,0.05,1.37,118,589,14.4,140,0.93,0.08,,,,,,,,
1940,Philadelphia Story,comedy,live,,8.1,0.55,1.37,110,503,13.1,139,0.93,0.08,,2.27,3.70,63,,,,
1940,Pinocchio,animation,animation,,7.5,0.64,1.37,85,949,5.4,120,0.78,0.07,,,,,,,,
1940,Rebecca,drama,live,,8.3,0.89,1.37,128,822,9.4,118,0.93,0.07,,,,,,,,
1940,Sante Fe Trail,action,live,,6.2,1.14,1.37,107,979,6.6,127,0.92,0.05,,2.92,3.24,144,,,,
1940,The letter,drama,live,,7.8,0.38,1.37,97,417,14.0,112,0.94,0.07,,,,,,,,
1940,Thief of Baghdad,adventure,live,,7.8,0.44,1.37,104,1183,5.3,129,0.91,0.07,,,,,,,,
1945,Anchors Aweigh,comedy,live,,7,0.52,1.37,136,621,13.2,123,0.92,0.07,,2.41,,,,,,
1945,Bells of St. Mary's,drama,live,,7.4,0.35,1.37,124,667,11.2,129,0.95,0.07,,,,,,,,
1945,Blood in the Sun,action,live,,6.3,0.49,1.37,111,441,14.6,112,0.94,0.06,,2.08,,,,,,
1945,Brief Encounter,drama,live,,8.3,0.37,1.37,84,344,14.6,116,0.93,0.07,,,,,,,,
1945,Detour,drama,live,,7.4,0.03,1.37,82,267,18.4,131,0.95,0.06,,,,,,,,
1945,Leave Her to Heaven,drama,live,,7.6,0.49,1.37,110,623,10.9,124,0.95,0.08,,,,,,,,
1945,Lost Weekend,drama,live,,8.1,0.19,1.37,97,487,12.0,121,0.94,0.07,,,,,,,,
1945,Mildred Pierce,drama,live,,7.6,0.07,1.37,109,633,10.3,130,0.92,0.07,,2.09,,,,,,
1945,Pursuit to Algiers,adventure,live,,7.2,0.02,1.37,63,330,11.4,120,0.93,0.06,,,,,,,,
1945,Spellbound,drama,live,,7.6,0.38,1.37,111,633,10.4,142,0.94,0.06,,,,,,,,
1950,All About Eve,drama,live,,8.3,0.19,1.37,136,787,10.4,130,0.94,0.07,,1.80,4.04,83,,,,
1950,Annie get your gun,comedy,live,,7.2,1.18,1.37,105,425,14.9,148,0.83,0.08,,,,,,,,
1950,Asphalt Jungle,drama,live,,7.9,0.20,1.37,110,631,10.5,111,0.93,0.06,,,,,,,,
1950,Born Yesterday,comedy,live,,7.6,0.68,1.37,101,358,16.9,147,0.93,0.08,,,,,,,,
1950,Cheaper by the dozen,comedy,live,,6.9,0.42,1.37,84,385,13.1,127,0.93,0.08,,,,,,,,
1950,Cinderella 1950,animation,animation,,7.4,0.95,1.37,72,1078,4.0,145,0.88,0.05,,,,,,,,
1950,Flame and Arrow,action,live,,6.9,0.69,1.37,86,792,6.6,108,0.85,0.08,,3.11,2.73,97,,,,
1950,Harvey,comedy,live,,8.1,0.57,1.37,103,295,20.9,131,0.93,0.08,,2.31,3.25,70,,,,
1950,King Solomon's Mines,adventure,live,,6.9,0.31,1.37,101,1129,5.4,135,0.92,0.08,,,,,,,,
1950,Sunset Boulevard,drama,live,,8.6,0.26,1.37,108,409,15.8,106,0.94,0.07,,,,,,,,
1955,Battle Cry,action,live,,6.5,0.25,2.55,146,916,9.6,131,0.89,0.09,,2.78,,,,,,
1955,East of Eden,drama,live,,8.1,0.36,2.55,114,686,9.9,107,0.94,0.08,,2.27,,,,,,
1955,Lady and the Tramp,animation,animation,,7.4,0.39,1.37,73,936,4.7,126,0.91,0.07,,,,,,,,
1955,Ladykillers,comedy,live,,8,0.62,1.66,88,688,7.7,98,0.92,0.07,,,,,,,,
1955,Mr Roberts,comedy,live,,7.8,0.00,2.55,120,601,12.0,141,0.94,0.08,,,,,,,,
1955,Night of the Hunter,drama,live,,8.1,0.58,1.66,91,730,7.5,107,0.92,0.07,,,,,,,,
1955,Rebel w/o a Cause,drama,live,,7.9,0.88,2.55,110,865,7.6,99,0.89,0.07,,,,,,,,
1955,Seven Year Itch,comedy,live,,7.3,0.03,2.55,101,231,26.2,130,0.95,0.09,,1.64,,,,,,
1955,To Catch a Thief,drama,live,,7.5,0.16,1.85,104,985,6.4,109,0.90,0.07,,,,,,,,
1955,Touble with Harry,comedy,live,,7.1,0.11,1.5,99,697,8.5,117,0.94,0.09,,,,,,,,
1960,Butterfield 8,drama,live,,6.2,0.28,2.35,106,553,11.5,109,0.93,0.07,,,,,,,,
1960,*Psycho,drama,live,,8.5,0.45,1.85,106,989,6.5,101,0.92,0.07,,,,,,,,
1960,Inherit the wind,drama,live,,8.1,0.18,1.66,126,502,15.1,124,0.93,0.08,,3.14,4.05,62,,,,
1960,Magnificent Seven,adventure,live,,7.8,0.42,2.35,126,1109,6.8,130,0.92,0.08,,,,,,,,
1960,Ocean's Eleven,comedy,live,,6.3,0.43,2.35,123,602,12.3,124,0.93,0.07,,2.25,3.28,102,,,,
1960,Peeping tom,drama,live,,7.8,0.16,1.66,100,654,9.2,96,0.90,0.07,,,,,,,,
1960,*Pollyanna,drama,live,,7.3,0.15,1.85,134,1154,7.1,130,0.91,0.06,,,,,,,,
1960,Swiss Family Robinson,adventure,live,,7,0.62,2.35,124,1628,4.6,121,0.88,0.09,,,,,,,,
1960,The Apartment,comedy,live,,8.3,0.26,2.35,123,458,16.2,122,0.94,0.08,,,,,,,,
1960,The Time Machine,adventure,live,,7.5,0.29,1.85,101,997,6.0,118,0.89,0.08,,,,,,,,
1965,*The Loved One,comedy,live,,7.3,0.17,1.85,120,1051,6.9,136,0.91,0.05,,,,,,,,
1965,Flight of the Phoenix,adventure,live,,7.5,0.81,1.85,141,1735,4.9,116,0.92,0.06,,,,,,,,
1965,Help!,comedy,live,,7,0.29,1.75,89,1481,3.6,126,0.88,0.06,,,,,,,,
1965,Shenandoah,drama,live,,7.4,0.54,1.85,105,1039,6.1,107,0.91,0.08,,2.69,,,,,,
1965,*For a Few Dollars More,action,live,,8.3,0.17,2.35,131,1451,5.4,,0.96,0.04,,,,,,,,
1965,That darn cat!,comedy,live,,6.3,0.72,1.75,116,1380,5.0,125,0.89,0.07,,,,,,,,
1965,*Beach Blanket Bingo,comedy,live,,5.6,0.49,2.35,94,975,5.8,134,0.94,0.05,,,,,,,,
1965,Those Magnificent men,adventure,live,,6.8,0.58,2.35,127,1163,6.7,154,0.88,0.07,,,,,,,,
1965,Thunderball,action,live,,7,0.41,2.35,129,1982,3.9,116,0.84,0.07,,,,,,,,
1965,What's New Pussycat,comedy,live,,6.2,0.34,1.66,135,945,6.8,119,0.92,0.07,,2.07,,,,,,
1970,Airport,drama,live,,6.5,0.35,2.2,134,1036,7.8,125,0.93,0.07,,,,,,,,
1970,AristoCats,animation,animation,,6.8,0.37,1.37,76,1147,5.5,143,0.82,0.08,,,,,,,,
1970,Beneath the Planet of the Apes,action,live,,6,0.68,2.35,94,1224,4.6,134,0.88,0.08,,2.11,3.40,69,,,,
1970,Catch-22,comedy,live,,7,0.20,2.35,117,543,13.0,132,0.90,0.06,,,,,,,,
1970,Five easy pieces,drama,live,,7.5,0.24,1.85,97,778,7.5,127,0.93,0.06,,1.56,3.79,97,,,,
1970,Kelly's Heroes,action,live,,7.5,0.50,2.2,141,1395,6.1,120,0.88,0.07,,,,,,,,
1970,Little Big Man,comedy,live,,7.6,0.28,2.35,139,2474,3.4,119,0.87,0.07,,,,,,,,
1970,MASH,comedy,live,,7.8,0.29,2.35,115,921,7.2,100,0.84,0.07,,2.66,3.93,145,,,,
1970,*Love Story,drama,live,,6.9,0.37,1.85,98,643,9.2,111,0.90,0.04,,,,,,,,
1970,Tora! Tora! Tora!,action,live,,7.5,0.46,2.2,141,1174,7.2,139,0.89,0.07,,,,,,,,
1975,*Hearts of the West,comedy,live,,6.5,0.47,1.85,100,750,8.0,114,0.94,0.04,,,,,,,,
1975,Dog Day Afternoon,drama,live,,8.2,0.23,1.85,122,1458,5.0,120,0.90,0.07,,,,,,,,
1975,Jaws,adventure,live,,8.3,0.48,2.35,121,1086,6.7,138,0.86,0.07,,,,,,,,
1975,Monty Python and the Holy Grail,comedy,live,,8.5,0.40,1.66,85,1019,5.0,128,0.87,0.07,,,,,,,,
1975,One Flew over the Cuckoo's nest,drama,live,,8.8,0.31,1.85,129,1523,5.1,140,0.90,0.06,,,,,,,,
1975,Return of the Pink Panther,comedy,live,,6.9,0.18,2.35,113,800,8.1,131,0.92,0.07,,1.51,,,,,,
1975,Rocky Horror Picture Show,comedy,live,,7,0.68,1.66,96,977,5.9,106,0.87,0.06,,,,,,,,
1975,Shampoo,drama,live,,6.3,0.33,1.85,106,690,9.2,122,0.93,0.07,,,,,,,,
1975,The man who would be king,action,live,,8,0.37,2.35,127,966,7.8,137,0.91,0.08,,2.59,,,,,,
1975,Three days of the condor,drama,live,,7.5,0.35,2.35,116,1217,5.7,110,0.92,0.07,,1.58,,,,,,
1980,Airplane!,comedy,live,,7.8,0.20,1.85,82,687,7.2,103,0.90,0.07,,,,,,,,
1980,Blue Lagoon,adventure,live,,4.9,0.26,1.85,103,1264,4.9,137,0.87,0.07,,,,,,,,
1980,Coal Miner's Daughter,drama,live,,7.4,0.37,1.85,120,718,10.0,104,0.89,0.07,,,,,,,,
1980,Empire Strikes Back,action,live,,8.8,0.98,2.2,118,1740,4.1,116,0.89,0.06,,1.43,3.25,143,,,,
1980,Nine to Five,comedy,live,,6.3,0.32,1.85,107,1068,6.0,116,0.91,0.07,,1.91,3.68,114,,,,
1980,Ordinary People,drama,live,,7.8,0.25,1.85,119,1166,6.1,104,0.92,0.06,,1.66,4.05,186,,,,
1980,Popeye,comedy,live,,4.8,0.79,2.35,109,1333,4.9,113,0.87,0.08,,,,,,,,
1980,Stir Crazy,comedy,live,,6.6,0.21,1.85,108,956,6.7,138,0.87,0.07,,,,,,,,
1980,Superman II,action,live,,6.6,0.63,2.2,122,1887,3.9,134,0.91,0.07,,,,,,,,
1980,Urban Cowboy,drama,live,,5.9,0.45,2.35,131,1353,5.8,106,0.89,0.06,,,,,,,,
1985,Back to the future,action,live,10,8.3,1.00,1.37,109,1327,4.9,107,0.85,0.07,0.36,,,,,,,
1985,Cocoon,adventure,live,13,6.6,0.75,1.85,110,1144,5.8,113,0.91,0.06,0.35,,,,,,,
1985,Color Purple,drama,live,14,7.6,0.29,1.85,147,1194,7.4,116,0.90,0.06,0.37,,,,,,,
1985,Jewel of the Nile,action,live,13,5.7,0.53,2.35,102,1567,3.9,138,0.81,0.07,0.36,,,,,,,
1985,*The Breakfast Club,comedy,live,,7.9,0.16,1.85,93,1355,4.1,139,0.96,0.04, ,,,,,,,
1985,Police Academy II,comedy,live,16,4.8,0.31,1.37,84,991,5.1,116,0.87,0.07,0.39,,,,,,,
1985,Rambo II,action,live,16,5.7,0.67,2.2,92,1852,3.0,120,0.82,0.07,0.32,1.39,,,,,,
1985,Rocky IV,action,live,11,5.8,0.90,1.37,94,2275,2.2,114,0.76,0.06,0.31,,,,,,,
1985,Spies Like Us,comedy,live,12,5.8,0.39,1.85,98,1521,3.9,137,0.92,0.07,0.31,1.88,,,,,,
1985,Witness,drama,live,15,7.6,0.45,1.85,107,1039,6.2,114,0.91,0.06,0.40,1.68,,,,,,
1990,*Back to the Future 3,adventure,live,,7.4,0.24,1.85,110,1419,4.7,107,0.88,0.05,,,,,,,,
1990,Dick Tracy,action,live,10,5.9,0.58,1.37,99,1496,4.0,88,0.88,0.06,0.59,,,,,,,
1990,DieHard 2,action,live,16,7.4,1.06,2.35,116,2281,3.0,106,0.84,0.06,0.41,1.36,4.72,170,,,,
1990,Ghost,comedy,live,13,6.9,0.39,1.85,120,1408,5.1,102,0.88,0.06,0.39,,,,,,,
1990,Goodfellas,drama,live,18,8.8,0.55,1.85,138,1213,6.8,99,0.88,0.06,0.43,1.94,3.83,175,,,,
1990,Home Alone,comedy,live,10,6.8,0.41,1.37,97,1136,4.4,107,0.91,0.07,0.41,1.19,3.56,116,,,,
1990,Hunt for Red October,action,live,13,7.5,1.09,2.2,131,1139,6.9,87,0.90,0.05,0.51,,,,,,,
1990,Pretty Woman,comedy,live,15,6.5,0.92,1.85,119,1188,6.0,110,0.91,0.07,0.48,,,,,,,
1990,Teenage Mutant Ninja Turtles,action,live,8,6.3,0.78,1.37,87,1160,4.5,79,0.84,0.06,0.52,,,,,,,
1990,Total Recall,action,live,17,7.4,0.69,1.37,107,1758,3.6,110,0.82,0.06,0.36,,,,,,,
1995,ace ventura: when nature calls,comedy,live,16,5.4,0.52,2.35,87,1119,4.6,121,0.85,0.07,0.55,1.60,,,,,,
1995,apollo 13,adventure,live,12,7.5,0.32,1.66,133,1637,4.9,110,0.89,0.06,0.40,,,,,,,
1995,batman forever,action,live,13,5.4,0.66,1.85,122,1892,3.7,91,0.80,0.05,0.62,,,,,,,
1995,casper,comedy,live,8,5.6,0.72,1.85,93,860,6.6,105,0.84,0.07,0.39,,,,,,,
1995,Goldeneye,action,live,13,7.1,0.82,2.35,125,2115,3.6,103,0.83,0.06,0.43,1.22,,,,,,
1995,jumanji,adventure,live,10,6.3,0.50,1.85,97,1662,3.5,103,0.85,0.06,0.38,,,,,,,
1995,Pocahontas,animation,animation,6,5.8,0.40,1.66,78,1293,3.6,110,0.84,0.06,0.74,,,,,,,
1995,Sense and Sensibility,drama,live,11,7.7,0.22,1.85,132,1214,6.5,113,0.94,0.07,0.39,,,,,,,
1995,The usual suspects,drama,live,17,8.7,0.42,2.35,104,1098,5.7,111,0.88,0.06,0.34,1.57,,,,,,
1995,Toy Story,animation,animation,5,8.1,0.49,1.85,76,1560,2.9,129,0.85,0.07,0.45,,,,,,,
2000,Cast Away,adventure,live,13,7.4,0.56,1.85,135,878,9.2,110,0.84,0.06,0.33,,,,,,,
2000,Charlie's Angels,action,live,13,5.5,1.08,2.35,90,1749,3.1,127,0.80,0.06,0.50,,,,,,,
2000,Dinosaur,animation,animation,6,6.2,0.37,1.85,82,1237,3.6,117,0.84,0.07,0.46,,,,,,,
2000,Erin Brockovich,drama,live,15,7.2,0.39,1.85,125,1353,5.6,129,0.93,0.07,0.59,1.60,3.77,111,,,,
2000,How the Grinch stole christmas,comedy,live,8,5.6,0.36,1.85,95,1447,4.0,117,0.86,0.07,0.37,,,,,,,
2000,Mission: Impossible II,action,live,13,5.7,0.81,2.35,118,2761,2.6,111,0.79,0.06,0.35,1.07,4.55,190,,,,
2000,Pefect Storm,adventure,live,14,6.2,0.90,2.35,123,1468,5.0,110,0.80,0.06,0.36,,,,,,,
2000,Scary Movie,comedy,live,16,5.9,0.29,2.35,79,1283,3.7,120,0.85,0.07,0.38,,,,,,,
2000,What Women Want,comedy,live,15,6.3,0.68,1.85,121,1849,3.9,104,0.89,0.07,0.47,1.62,4.38,111,,,,
2000,X-Men,action,live,11,7.4,0.50,2.35,98,2109,2.8,98,0.84,0.05,0.42,,,,,,,
2005,Chicken Little,animation,animation,7,5.8,0.69,1.85,75,1368,3.3,113,0.81,0.06,0.50,,,,,,,
2005,Harry Potter/Goblet,adventure,live,12,7.6,0.61,2.35,142,2064,4.1,85,0.83,0.06,0.52,,,,,,,
2005,Hitch,comedy,live,13,6.8,0.45,2.35,113,1771,3.8,122,0.91,0.06,0.33,,,,,,,
2005,*War of the Worlds,adventure,live,,6.5,0.32,1.85,109,959,6.8,112,0.83,0.05,,,,,,,,
2005,Longest Yard,comedy,live,14,6.2,0.81,2.35,97,1895,3.1,132,0.79,0.07,0.47,,,,,,,
2005,Madagascar,animation,animation,7,6.6,0.28,1.85,78,1124,4.2,106,0.83,0.07,0.46,,,,,,,
2005,Mr & Mrs Smith,action,live,15,6.4,0.40,2.35,112,1651,4.0,98,0.79,0.06,0.45,,,,,,,
2005,Star Wars III: Sith,action,live,12,7.9,1.14,2.35,134,2121,3.8,105,0.80,0.06,0.40,1.64,,,,,,
2005,Walk the Line,drama,live,15,8,0.28,2.35,131,1314,6.0,104,0.93,0.07,0.55,1.66,,,,,,
2005,Weddings Crashers,comedy,live,17,7.2,0.64,2.35,121,2200,3.3,144,0.88,0.07,0.33,1.88,,,,,,
2010,Alice in Wonderland 2010,adventure,live,10,6.5,0.67,1.85,99,2083,2.9,101,0.86,0.07,,,,,,,,
2010,Date Night,comedy,live,15,6.3,0.93,2.35,96,2032,2.8,85,0.84,0.06,,,,,,,,
2010,Despicable Me,animation,animation,6,7.7,0.56,1.85,87,1428,3.6,135,0.89,0.06,,,,,,,,
2010,Twilight: Eclipse,drama,live,13,4.9,1.23,2.35,115,2007,3.4,93,0.81,0.06,,,,,,,,
2010,Harry Potter/Hallows/1,adventure,live,12,7.7,0.78,2.35,134,1807,4.4,72,0.87,0.06,,,,,,,,
2010,Inception,action,live,14,8.8,0.67,2.35,140,2756,3.1,93,0.84,0.06,,1.15,3.73,392,,,,
2010,Social Network,drama,live,15,7.7,0.28,2.35,115,2291,3.0,93,0.94,0.06,,1.77,3.69,187,,,,
2010,Toy Story 3,animation,animation,6,8.3,0.80,1.85,89,1720,3.1,116,0.83,0.07,,,,,,,,
2010,Tron: Legacy,action,live,10,6.8,1.10,2.35,117,1903,3.7,100,0.82,0.05,,,,,,,,
2010,valentines day,comedy,live,15,5.7,0.28,1.85,118,1521,4.6,96,0.88,0.07,,1.71,3.42,111,,,,
2015,american sniper,action,live,,7.3,0.50,2.35,133,2167,3.7,105,0.86,0.06,,,,,,,,
2015,avengers: ultron,action,live,,7.5,1.05,2.35,141,3214,2.6,87,0.77,0.06,,,,,,,,
2015,cinderella 2015,drama,live,,7,0.35,2.35,105,1424,4.4,80,0.84,0.07,,,,,,,,
2015,inside out,animation,animation,,8.3,0.34,1.78,95,1448,3.9,154,0.87,0.07,,,,,,,,
2015,jurassic world,action,live,,7.1,0.53,2,124,1909,3.9,103,0.84,0.07,,,,,,,,
2015,MI5: rogue nation,action,live,,7.5,0.94,2.35,131,2916,2.7,80,0.80,0.06,,,,,,,,
2015,minions,animation,animation,,6.5,0.59,1.85,91,1158,4.7,152,0.89,0.07,,,,,,,,
2015,spectre,action,live,,6.9,0.83,2.35,148,2438,3.6,86,0.82,0.06,,,,,,,,
2015,straight outta compton,drama,live,,8,0.80,2.35,147,1882,4.7,71,0.82,0.06,,,,,,,,
2015,the martian,adventure,live,,8.1,0.49,2.35,144,2246,3.8,82,0.88,0.07,,,,,,,,
1960,Exodus,action,live,,6.8,0.42,2.2,204,554,22.1,114,0.95,0.08,,,,,,,,
1960,Spartacus,action,live,,8,0.38,2.2,179,1298,8.3,120,0.92,0.08,,2.84,3.36,106,,,,
1965,Doctor Zhivago,drama,live,,8,0.49,2.35,192,1303,8.8,111,0.90,0.07,,,,,,,,
1965,Sound of Music,drama,live,,7.8,0.69,2.35,173,1511,6.9,122,0.95,0.08,,,,,,,,
1965,The Great Race,action,live,,7,0.85,2.2,149,1271,7.0,123,0.87,0.08,,2.57,,,,,,
1970,Patton,drama,live,,8.1,0.33,2.2,167,1124,8.9,142,0.93,0.07,,,,,,,,
1975,Barry Lyndon,drama,live,,8,0.31,1.37,179,779,13.8,124,0.95,0.06,,,,,,,,
1985,Out of Africa,drama,live,13,6.9,0.48,1.85,157,1839,5.1,131,0.91,0.07,,,,,,,,
1990,Dances with wolves,adventure,live,,7.9,0.63,2.2,226,2468,5.5,127,0.86,0.06,0.40,,,,,,,
2005,King Kong,adventure,live,,7.6,0.67,2.35,177,3099,3.4,110,0.78,0.07,,,,,,,,
1985,One Magic Christmas            ,kids,live,10,,,,89,1062,4.8,77,0.92,,0.39,,,,,,,
1985,Sesame Street Presents: Follow that Bird!   ,kids,live,4,,,,89,761,6.6,132,0.97,,0.39,,,,,,,
1985,The Care Bears Movie            ,kids,animation,4,,,,77,1118,3.8,151,0.92,,0.46,,,,,,,
1986,An American Tail                  ,kids,animation,5,,,,81,839,5.2,116,0.94,,0.45,,,,,,,
1986,The Care Bears Movie II: A New Generation      ,kids,animation,6,,,,77,1142,3.8,129,0.93,,0.5,,,,,,,
1986,The Great Mouse Detective   ,kids,animation,6,,,,74,1256,3.4,118,0.90,,0.63,,,,,,,
1987,Benji the Hunted                   ,kids,live,6,,,,88,1101,4.6,108,0.94,,0.43,,,,,,,
1987,The Brave Little Toaster      ,kids,animation,5,,,,90,1154,4.5,128,0.95,,0.65,,,,,,,
1987,The Chipmunk Adventure       ,kids,animation,5,,,,76,1021,4.2,156,0.93,,0.6,,,,,,,
1988,Oliver and Company              ,kids,animation,5,,,,74,1160,3.6,137,0.91,,0.55,,,,,,,
1988,The Land Before Time            ,kids,animation,6,,,,67,585,6.4,125,0.96,,0.45,,,,,,,
1988,The New Adventures of Pippi Longstocking       ,kids,live,7,,,,100,1275,4.6,123,0.94,,0.33,,,,,,,
1989,All Dogs Go to Heaven     ,kids,animation,8,,,,89,1004,5.9,126,0.96,,0.51,,,,,,,
1989,Prancer                                  ,kids,live,7,,,,103,1218,4.8,107,0.96,,0.39,,,,,,,
1989,The Little Mermaid                  ,kids,animation,5,,,,83,1408,3.3,124,0.93,,0.57,,,,,,,
1990,DuckTales the Movie: Treature Lost Lamp           ,kids,animation,5,,,,74,1117,3.5,138,0.86,,0.59,,,,,,,
1990,The Jetsons Movie               ,kids,animation,4,,,,82,990,4.5,120,0.90,,0.53,,,,,,,
1990,The Rescuers Down Under      ,kids,animation,6,,,,77,1025,4.3,130,0.94,,0.44,,,,,,,
1991,All I Want for Christmas      ,kids,live,10,,,,92,873,6.1,109,0.96,,0.38,,,,,,,
1991,An American Tail: Fievel Goes West              ,kids,animation,5,,,,76,901,4.5,118,0.91,,0.58,,,,,,,
1991,Beauty and the Beast           ,kids,animation,6,,,,84,1375,3.7,132,0.93,,0.64,,,,,,,
1992,Aladdin                               ,kids,animation,6,,,,90,1456,3.5,117,0.93,,0.8,,,,,,,
1992,FernGully: The Last Rainforest   ,kids,animation,6,,,,76,1006,4.2,127,0.94,,0.51,,,,,,,
1992,The Muppet Christmas Carol     ,kids,live,5,,,,85,866,5.8,105,0.94,,0.41,,,,,,,
1993,Homeward Bound: The Incredible Journey                 ,kids,live,6,,,,84,1456,3.3,113,0.95,,0.51,,,,,,,
1993,The Secret Garden                    ,kids,live,8,,,,102,848,7.0,90,0.96,,0.49,,,,,,,
1993,We’re Back! A Dinosaur’s Story,kids,animation,6,,,,71,794,4.8,110,0.93,,0.59,,,,,,,
1994,The Land Before Time 2: Valley Adventure,kids,animation,5,,,,73,879,6.1,144,0.97,,0.4,,,,,,,
1994,The Lion King                           ,kids,animation,6,,,,89,1202,4.2,132,0.95,,0.63,,,,,,,
1994,The Pagemaster                       ,kids,live,7,,,,80,932,4.3,117,0.95,,0.49,,,,,,,
1994,Thumbelina                            ,kids,animation,5,,,,86,822,5.9,128,0.95,,0.52,,,,,,,
1995,Babe                                     ,kids,live,6,,,,92,1336,3.9,102,0.96,,0.78,,,,,,,
1996,101 Dalmatians                     ,kids,live,,,,,103,1661,3.5,113,0.93,,0.36,,,,,,,
1996,Muppet Treasure Island        ,kids,live,5,,,,99,1258,4.4,90,0.90,,0.53,,,,,,,
1996,The Hunchback of Notre Dame ,kids,animation,8,,,,91,1536,3.3,116,0.95,,0.62,,,,,,,
1997,Anastasia                               ,kids,animation,6,,,,94,1352,3.8,145,0.95,,0.68,,,,,,,
1997,Cats Don’t Dance               ,kids,animation,5,,,,120,1122,3.7,128,0.94,,0.65,,,,,,,
1997,Hercules                             ,kids,animation,7,,,,92,1617,3.2,112,0.93,,0.63,,,,,,,
1997,The Land Before Time 5: Mysterious Island,kids,animation,5,,,,74,925,4.5,162,0.96,,0.63,,,,,,,
1998,A Bug’s Life                   ,kids,animation,5,,,,96,1617,3.3,144,0.93,,0.48,,,,,,,
1998,Mulan                                ,kids,animation,5,,,,88,1332,3.6,148,0.94,,0.45,,,,,,,
1998,The Rugrats Movie         ,kids,animation,6,,,,81,1166,3.8,134,0.89,,0.44,,,,,,,
1999,Pokemon: The First Movie   ,kids,animation,6,,,,96,963,4.4,150,0.95,,0.54,,,,,,,
1999,Tarzan                               ,kids,animation,6,,,,88,1581,3.1,118,0.94,,0.5,,,,,,,
1999,Toy Story 2                  ,kids,animation,5,,,,92,1423,3.6,133,0.94,,0.44,,,,,,,
2000,Rugrats in Paris            ,kids,animation,6,,,,78,1249,3.5,119,0.91,,0.45,,,,,,,
2000,The Emperor’s New Groove   ,kids,animation,6,,,,78,1158,3.7,133,0.96,,0.49,,,,,,,
2001,Jimmy Neutron: Boy Genius          ,kids,animation,6,,,,82,1268,3.7,115,0.93,,0.46,,,,,,,
2001,"Monsters, Inc.        ",kids,animation,5,,,,90,1403,3.6,88,0.84,,0.54,,,,,,,
2001,The Princess Diaries      ,kids,live,8,,,,114,1445,4.6,131,0.97,,0.29,,,,,,,
2002,Spirit: Stallion of the Cimarron,kids,animation,6,,,,82,1680,2.7,156,0.93,,0.44,,,,,,,
2002,The Rookie                 ,kids,live,7,,,,129,1971,3.8,141,0.95,,0.28,,,,,,,
2002,The Santa Clause 2       ,kids,live,7,,,,105,1890,3.1,121,0.96,,0.42,,,,,,,
2003,Brother Bear              ,kids,animation,5,,,,85,1212,3.8,136,0.95,,0.55,,,,,,,
2003,Finding Nemo          ,kids,animation,5,,,,104,1440,3.8,130,0.94,,0.68,,,,,,,
2003,The Jungle Book 2        ,kids,animation,4,,,,88,1183,3.3,129,0.94,,0.6,,,,,,,
2003,The Land Before Time 10: Longneck Migration,kids,animation,5,,,,84,981,4.0,157,0.98,,0.6,,,,,,,
2004,Clifford’s Really Big Movie       ,kids,animation,4,,,,73,1465,2.8,136,0.95,,0.71,,,,,,,
2004,The Polar Express                   ,kids,animation,6,,,,100,869,6.3,98,0.90,,0.56,,,,,,,
2004,The Princess Diaries 2: A royal engagement,kids,live,6,,,,113,1320,4.8,125,0.97,,0.39,,,,,,,
2005,Herbie Fully Loaded                ,kids,live,6,,,,92,2228,2.6,132,0.93,,0.41,,,,,,,
2005,The March of the Penguins     ,kids,live,6,,,,85,575,8.0,147,0.98,,0.32,,,,,,,
2006,Cars                               ,kids,animation,5,,,,116,1688,3.8,118,0.92,,0.37,,,,,,,
2006,Charlotte’s Web               ,kids,live,5,,,,94,1428,3.6,122,0.97,,0.53,,,,,,,
2006,The Santa Clause 3: The Escape Clause     ,kids,live,7,,,,98,1535,3.3,125,0.95,,0.49,,,,,,,
2007,Meet the Robinsons          ,kids,animation,4,,,,92,1657,3.1,152,0.94,,0.66,,,,,,,
2007,Mr. Bean’s Holiday          ,kids,live,6,,,,90,1257,3.8,155,0.94,,0.37,,,,,,,
2007,Ratatouille                  ,kids,animation,5,,,,111,1627,3.7,112,0.96,,0.47,,,,,,,
2008,High School Musical 3: Senior Year      ,kids,live,8,,,,100,1625,3.9,122,0.93,,0.57,,,,,,,
2008,Horton Hears a Who?        ,kids,animation,4,,,,88,1504,3.2,149,0.93,,0.42,,,,,,,
2008,The Little Mermaid: Ariel's Beginning           ,kids,animation,5,,,,70,1297,3.2,133,0.96,,0.52,,,,,,,
2008,Wall*E,kids,animation,5,,,,97,1398,3.8,136,0.96,,0.38,,,,,,,